                  epoch,         train/box_loss,         train/cls_loss,         train/dfl_loss,   metrics/precision(B),      metrics/recall(B),       metrics/mAP50(B),    metrics/mAP50-95(B),           val/box_loss,           val/cls_loss,           val/dfl_loss,                 lr/pg0,                 lr/pg1,                 lr/pg2
                      1,                 1.5096,                 4.7376,                 1.2092,                      0,                      0,                      0,                      0,                 1.0453,                 4.1932,                0.91395,             0.00012221,             0.00012221,             0.00012221
                      2,                 1.2332,                 3.0811,                0.94023,                0.00689,                0.52668,                0.30573,                0.20227,                 1.1082,                 3.7147,                0.90743,             0.00025452,             0.00025452,             0.00025452
                      3,                 1.1261,                 1.8427,                0.94498,                0.00881,                0.66258,                0.46265,                0.30244,                 1.1115,                 3.4029,                0.93261,             0.00038577,             0.00038577,             0.00038577
                      4,                 1.1152,                  1.425,                0.94571,                0.00682,                0.39832,                0.34433,                0.22972,                 1.1043,                   3.37,                0.95659,             0.00051597,             0.00051597,             0.00051597
                      5,                 1.0973,                 1.2147,                0.97181,                0.00993,                0.65896,                0.58309,                0.43264,                 0.9854,                 3.1178,                0.93672,             0.00064511,             0.00064511,             0.00064511
                      6,                 1.0098,                 0.9858,                0.91506,                0.99843,                0.21818,                0.89307,                0.62856,                 1.0379,                 2.4871,                0.97525,             0.00077319,             0.00077319,             0.00077319
                      7,                 1.0282,                 0.9917,                0.94566,                0.99202,                0.66569,                0.93373,                0.62655,                 1.0762,                 1.8351,                 1.0037,             0.00090022,             0.00090022,             0.00090022
                      8,                 1.0174,                0.99501,                0.92252,                0.95915,                 0.8273,                0.96809,                0.68183,                 1.0071,                 1.7127,                0.97624,              0.0010262,              0.0010262,              0.0010262
                      9,                 1.0567,                 1.0627,                0.99879,                0.96543,                0.92657,                0.98439,                0.69263,                0.97199,                  1.154,                0.96753,              0.0010758,              0.0010758,              0.0010758
                     10,                 1.0415,                0.89247,                0.94941,                0.96217,                0.96597,                0.98272,                0.68018,                 1.0736,                0.84113,                 1.0091,              0.0010714,              0.0010714,              0.0010714
                     11,                0.99484,                0.84375,                0.92336,                0.94394,                0.96311,                0.97923,                0.69986,                0.94614,                0.78071,                 0.9436,               0.001067,               0.001067,               0.001067
                     12,                0.98061,                0.82711,                0.91643,                0.93802,                0.94518,                0.98341,                0.70067,                0.99853,                0.62749,                0.96483,              0.0010626,              0.0010626,              0.0010626
                     13,                 1.0239,                0.85214,                0.92404,                0.94966,                 0.9865,                0.98464,                0.72102,                 0.9426,                0.58542,                0.94542,              0.0010582,              0.0010582,              0.0010582
                     14,                0.98923,                0.86154,                0.94114,                0.94559,                0.98959,                0.98457,                0.71532,                0.94961,                0.65771,                0.94211,              0.0010538,              0.0010538,              0.0010538
                     15,                  1.016,                0.82924,                0.93412,                0.97042,                0.95005,                0.98092,                0.70303,                0.96923,                 0.5974,                0.94409,              0.0010494,              0.0010494,              0.0010494
                     16,                0.98524,                0.82415,                0.92711,                0.93491,                 0.9496,                 0.9425,                0.63155,                 1.0221,                0.59263,                0.97341,               0.001045,               0.001045,               0.001045
                     17,                0.99035,                0.77819,                 0.9281,                0.97166,                0.98154,                0.98778,                0.71691,                 0.9837,                0.56723,                0.95737,              0.0010406,              0.0010406,              0.0010406
                     18,                0.96927,                0.79014,                0.93527,                0.97059,                0.98636,                0.98737,                0.72039,                0.97862,                 0.5463,                0.94938,              0.0010362,              0.0010362,              0.0010362
                     19,                0.94521,                0.73845,                0.91501,                0.96111,                0.98201,                0.98057,                0.71607,                0.95753,                0.53003,                0.94403,              0.0010318,              0.0010318,              0.0010318
                     20,                0.94174,                0.67493,                0.92934,                0.96839,                0.98815,                0.98959,                0.73811,                0.91965,                0.50929,                0.92619,              0.0010274,              0.0010274,              0.0010274
                     21,                0.98617,                0.71871,                0.91225,                0.96892,                 0.9779,                0.99062,                0.71854,                  0.968,                0.57048,                0.94745,               0.001023,               0.001023,               0.001023
                     22,                 0.9842,                0.73083,                0.93661,                0.96867,                0.98898,                0.99085,                0.73402,                0.92214,                0.50364,                0.93485,              0.0010186,              0.0010186,              0.0010186
                     23,                0.94378,                0.70785,                0.92793,                0.97077,                0.99025,                0.99157,                0.72646,                0.96006,                 0.5433,                0.94572,              0.0010142,              0.0010142,              0.0010142
                     24,                0.92302,                0.68714,                0.91565,                0.96363,                0.99084,                 0.9881,                0.73374,                 0.9235,                0.53423,                0.93114,              0.0010098,              0.0010098,              0.0010098
                     25,                 0.9502,                0.70122,                0.92453,                0.97391,                 0.9887,                0.99001,                0.74682,                0.94064,                0.51544,                0.93824,              0.0010054,              0.0010054,              0.0010054
                     26,                0.99243,                0.73632,                 0.9244,                0.97441,                0.99118,                0.99152,                0.73312,                0.95535,                0.52355,                 0.9532,               0.001001,               0.001001,               0.001001
                     27,                0.92407,                0.66186,                0.90987,                0.97072,                0.99107,                0.99031,                0.74405,                0.90269,                0.50085,                0.92811,             0.00099661,             0.00099661,             0.00099661
                     28,                0.92684,                0.67019,                0.90315,                0.95529,                0.99506,                0.98452,                0.74169,                0.89153,                0.50598,                0.91673,             0.00099221,             0.00099221,             0.00099221
                     29,                 1.0094,                0.69012,                0.98884,                0.98009,                0.96223,                0.98945,                0.73428,                0.94213,                0.47948,                 0.9319,             0.00098781,             0.00098781,             0.00098781
                     30,                0.93922,                0.66267,                0.90603,                0.96181,                0.98223,                0.98901,                0.73866,                0.90888,                0.48943,                0.92309,             0.00098341,             0.00098341,             0.00098341
                     31,                 0.9227,                0.62169,                0.91223,                0.96923,                0.99646,                0.99081,                0.74945,                  0.927,                0.47087,                0.92965,             0.00097901,             0.00097901,             0.00097901
                     32,                 0.9142,                0.68484,                0.93706,                0.97264,                0.99271,                0.99056,                0.74782,                   0.91,                0.48669,                0.92421,             0.00097461,             0.00097461,             0.00097461
                     33,                0.93378,                0.63469,                0.91878,                0.98226,                0.99027,                0.99279,                0.74765,                 0.9047,                0.46808,                0.92028,             0.00097021,             0.00097021,             0.00097021
                     34,                0.91168,                0.59663,                0.89583,                0.97777,                0.99223,                0.99295,                 0.7603,                0.88949,                0.47161,                0.91649,             0.00096581,             0.00096581,             0.00096581
                     35,                0.92594,                0.60566,                0.92398,                0.99172,                0.98312,                  0.993,                0.76262,                0.89963,                0.46259,                0.91801,             0.00096141,             0.00096141,             0.00096141
                     36,                0.90724,                0.58777,                0.90289,                0.98723,                0.99324,                0.99354,                0.75382,                0.90229,                0.45953,                0.92274,             0.00095702,             0.00095702,             0.00095702
                     37,                0.94878,                0.64024,                0.90146,                 0.9879,                0.98624,                0.99325,                 0.7435,                0.91737,                0.48926,                0.93148,             0.00095262,             0.00095262,             0.00095262
                     38,                0.90523,                0.61311,                0.91278,                 0.9796,                0.99429,                0.99152,                0.74616,                0.89943,                0.46235,                0.92633,             0.00094822,             0.00094822,             0.00094822
                     39,                0.93111,                 0.6033,                0.91636,                0.97343,                 0.9941,                0.98763,                 0.7469,                0.89073,                0.46836,                0.92142,             0.00094382,             0.00094382,             0.00094382
                     40,                0.92689,                0.60105,                0.90602,                0.98336,                0.99533,                0.99204,                0.75444,                0.87955,                0.45259,                0.91921,             0.00093942,             0.00093942,             0.00093942
                     41,                0.89587,                0.61021,                0.91625,                0.98553,                0.99159,                0.99289,                0.76052,                0.88143,                0.44287,                0.91584,             0.00093502,             0.00093502,             0.00093502
                     42,                0.91836,                0.57808,                0.90227,                0.98322,                0.99289,                0.99264,                0.76213,                0.86543,                 0.4519,                0.91068,             0.00093062,             0.00093062,             0.00093062
                     43,                0.88908,                0.60051,                0.88968,                 0.9773,                0.99426,                0.99322,                0.76365,                0.87262,                0.44396,                0.91473,             0.00092622,             0.00092622,             0.00092622
                     44,                0.88356,                0.55456,                0.90137,                 0.9792,                  0.991,                 0.9927,                0.76488,                0.86875,                0.43317,                0.91694,             0.00092182,             0.00092182,             0.00092182
                     45,                0.89586,                0.56633,                0.89954,                 0.9863,                0.98651,                0.99322,                0.76459,                0.87401,                0.45569,                0.91205,             0.00091742,             0.00091742,             0.00091742
                     46,                0.90031,                0.56443,                0.91275,                0.97634,                0.98858,                0.99301,                0.76107,                0.88374,                 0.4812,                0.91303,             0.00091302,             0.00091302,             0.00091302
                     47,                 0.8636,                0.57885,                0.92069,                0.98954,                0.99606,                 0.9926,                 0.7543,                0.88902,                0.44812,                0.91825,             0.00090862,             0.00090862,             0.00090862
                     48,                0.90144,                0.55461,                0.89632,                0.98605,                0.99335,                0.99319,                0.75487,                0.89289,                0.43693,                0.91338,             0.00090422,             0.00090422,             0.00090422
                     49,                0.93237,                0.54666,                0.91087,                0.98376,                0.99732,                0.99347,                0.76474,                0.86818,                0.43176,                0.90829,             0.00089982,             0.00089982,             0.00089982
                     50,                0.90431,                0.54186,                0.88696,                0.98612,                0.99774,                0.99307,                0.76495,                0.88346,                0.44931,                0.91808,             0.00089542,             0.00089542,             0.00089542
                     51,                0.89138,                0.54607,                0.90575,                0.99176,                0.99505,                0.99369,                0.76717,                 0.8557,                0.41748,                0.91103,             0.00089102,             0.00089102,             0.00089102
                     52,                0.87959,                0.55931,                0.90227,                0.98654,                0.99774,                0.99387,                0.77576,                0.85588,                0.43287,                0.90528,             0.00088662,             0.00088662,             0.00088662
                     53,                0.88909,                0.56261,                 0.9038,                0.98848,                0.99547,                0.99385,                 0.7738,                0.84859,                0.41599,                0.90114,             0.00088222,             0.00088222,             0.00088222
                     54,                0.87918,                0.52764,                0.89562,                0.99462,                0.98852,                0.99404,                0.78658,                0.82493,                0.40473,                 0.8983,             0.00087782,             0.00087782,             0.00087782
                     55,                0.87306,                0.52714,                0.90915,                0.98628,                0.98924,                0.99354,                 0.7666,                0.88926,                0.42671,                0.91529,             0.00087342,             0.00087342,             0.00087342
                     56,                0.85111,                0.49991,                0.89158,                0.99225,                0.98469,                0.99387,                0.77599,                0.86056,                0.41016,                0.90372,             0.00086902,             0.00086902,             0.00086902
                     57,                0.91248,                0.54532,                0.90719,                0.99366,                 0.9894,                0.99347,                0.77651,                0.85572,                0.41995,                0.90501,             0.00086462,             0.00086462,             0.00086462
                     58,                0.91144,                0.51871,                0.90311,                0.99397,                 0.9877,                0.99383,                0.78203,                0.83638,                0.40767,                0.90277,             0.00086023,             0.00086023,             0.00086023
                     59,                0.85482,                0.48528,                0.89762,                0.99179,                0.98739,                0.99399,                0.77159,                0.88244,                0.41033,                 0.9156,             0.00085583,             0.00085583,             0.00085583
                     60,                0.83139,                0.49837,                0.88402,                 0.9916,                 0.9894,                0.99401,                0.79624,                 0.8095,                0.40403,                0.89135,             0.00085143,             0.00085143,             0.00085143
                     61,                0.82741,                0.54161,                0.89063,                0.99303,                0.99543,                0.99463,                0.77585,                0.85718,                0.39452,                0.90783,             0.00084703,             0.00084703,             0.00084703
                     62,                0.88854,                0.53649,                0.90009,                0.98949,                0.98949,                0.99448,                0.78675,                0.82057,                0.40029,                0.89738,             0.00084263,             0.00084263,             0.00084263
                     63,                0.80359,                0.56308,                0.82416,                0.99316,                0.99571,                0.99454,                0.77295,                0.83855,                0.40402,                0.90044,             0.00083823,             0.00083823,             0.00083823
                     64,                0.81189,                0.56761,                 0.8256,                0.99225,                0.99693,                0.99428,                0.78426,                0.83446,                0.39549,                0.89682,             0.00083383,             0.00083383,             0.00083383
                     65,                0.90307,                0.49777,                0.90452,                0.98966,                0.99464,                0.99435,                0.78617,                 0.8155,                0.39884,                0.88873,             0.00082943,             0.00082943,             0.00082943
                     66,                  0.848,                0.48339,                0.89556,                0.99499,                0.99726,                0.99454,                0.78077,                0.83747,                0.38389,                0.89729,             0.00082503,             0.00082503,             0.00082503
                     67,                0.84413,                0.46801,                0.88968,                 0.9947,                0.99845,                0.99441,                0.79251,                0.79984,                0.37643,                0.88965,             0.00082063,             0.00082063,             0.00082063
                     68,                0.85032,                0.47678,                0.89241,                 0.9925,                0.99664,                0.99382,                0.78056,                0.82972,                0.39001,                0.89941,             0.00081623,             0.00081623,             0.00081623
                     69,                0.83861,                0.46799,                0.88998,                0.99187,                0.99599,                0.99443,                0.77351,                0.86966,                0.40402,                0.90885,             0.00081183,             0.00081183,             0.00081183
                     70,                0.84514,                0.47642,                0.87147,                0.99204,                0.99487,                0.99442,                   0.78,                0.84482,                0.40437,                0.90332,             0.00080743,             0.00080743,             0.00080743
                     71,                0.83301,                0.49044,                0.89983,                  0.993,                0.99507,                0.99416,                 0.7815,                0.87109,                0.40574,                0.90882,             0.00080303,             0.00080303,             0.00080303
                     72,                0.87196,                0.49486,                0.89281,                0.98987,                0.99482,                0.99474,                0.79282,                0.80059,                0.38705,                0.88914,             0.00079863,             0.00079863,             0.00079863
                     73,                0.75262,                0.53328,                0.82112,                0.99495,                0.99775,                0.99476,                0.78646,                0.80884,                0.39227,                 0.8875,             0.00079423,             0.00079423,             0.00079423
                     74,                0.84259,                0.46972,                0.88266,                0.99338,                0.99827,                0.99494,                0.78618,                 0.7934,                0.38271,                0.88559,             0.00078983,             0.00078983,             0.00078983
                     75,                0.80526,                 0.4605,                0.90243,                0.99415,                0.99887,                0.99494,                0.79576,                0.80095,                0.37777,                 0.8908,             0.00078543,             0.00078543,             0.00078543
                     76,                0.83473,                0.47026,                0.89904,                0.99257,                0.99848,                0.99435,                0.77959,                0.87368,                0.39585,                0.91765,             0.00078103,             0.00078103,             0.00078103
                     77,                0.81985,                0.46205,                0.87233,                0.99318,                0.99655,                0.99446,                0.79604,                0.80439,                0.37072,                0.89127,             0.00077663,             0.00077663,             0.00077663
                     78,                0.84428,                0.46192,                0.88775,                0.99343,                0.99759,                0.99459,                0.77228,                 0.8724,                0.39891,                0.91461,             0.00077223,             0.00077223,             0.00077223
                     79,                0.83123,                0.46427,                0.89207,                0.99442,                0.99887,                0.99496,                0.80666,                0.77971,                0.37409,                0.88553,             0.00076783,             0.00076783,             0.00076783
                     80,                 0.8271,                0.45593,                0.86893,                0.99561,                 0.9988,                0.99499,                0.80903,                0.78925,                0.36845,                 0.8905,             0.00076343,             0.00076343,             0.00076343
                     81,                0.84376,                0.46209,                0.90045,                0.99439,                0.99887,                0.99494,                0.81123,                0.75548,                0.37324,                 0.8798,             0.00075904,             0.00075904,             0.00075904
                     82,                0.85748,                0.47011,                0.90803,                 0.9931,                0.99887,                0.99482,                0.78659,                0.81986,                 0.3844,                0.90294,             0.00075464,             0.00075464,             0.00075464
                     83,                0.85895,                 0.4803,                0.92402,                0.99626,                0.99887,                0.99469,                0.81935,                0.75059,                0.36274,                0.87903,             0.00075024,             0.00075024,             0.00075024
                     84,                0.82533,                0.44387,                   0.91,                0.99396,                0.99707,                0.99486,                 0.8059,                0.80451,                0.37433,                0.89293,             0.00074584,             0.00074584,             0.00074584
                     85,                0.78683,                0.44869,                0.87675,                0.99288,                0.99538,                0.99491,                0.80168,                0.79423,                0.38789,                0.89412,             0.00074144,             0.00074144,             0.00074144
                     86,                0.82332,                0.46065,                0.88786,                0.99585,                0.99531,                0.99487,                0.80545,                0.78172,                0.37262,                0.88662,             0.00073704,             0.00073704,             0.00073704
                     87,                0.87231,                0.50785,                0.95127,                 0.9953,                0.99837,                0.99457,                0.80868,                0.78267,                 0.3736,                0.88309,             0.00073264,             0.00073264,             0.00073264
                     88,                0.80301,                 0.4419,                0.87265,                 0.9961,                0.99788,                0.99449,                0.80517,                0.77116,                0.37733,                0.88215,             0.00072824,             0.00072824,             0.00072824
                     89,                0.78151,                0.44062,                0.88176,                 0.9962,                0.99577,                 0.9935,                0.80341,                0.77715,                0.36593,                0.88465,             0.00072384,             0.00072384,             0.00072384
                     90,                0.77285,                0.42795,                0.86341,                0.99515,                0.99579,                0.99344,                0.80515,                 0.7555,                0.36931,                0.87982,             0.00071944,             0.00071944,             0.00071944
                     91,                0.82057,                0.44671,                0.90681,                0.99458,                 0.9956,                  0.995,                 0.8132,                0.76943,                0.36799,                0.88201,             0.00071504,             0.00071504,             0.00071504
                     92,                0.79599,                0.43567,                0.89073,                0.99307,                 0.9933,                0.99496,                0.82501,                 0.7489,                0.37106,                0.87563,             0.00071064,             0.00071064,             0.00071064
                     93,                0.78399,                0.43432,                0.88277,                0.99499,                0.99112,                0.99479,                0.82581,                0.74974,                0.36622,                0.87608,             0.00070624,             0.00070624,             0.00070624
                     94,                0.79631,                0.47591,                0.88867,                 0.9898,                0.99544,                0.99476,                0.81748,                 0.7566,                0.37079,                0.87737,             0.00070184,             0.00070184,             0.00070184
                     95,                 0.7736,                0.43141,                0.86945,                0.99418,                0.99831,                0.99497,                0.80977,                0.77267,                0.37362,                0.88188,             0.00069744,             0.00069744,             0.00069744
                     96,                0.81328,                0.45078,                0.90071,                0.99566,                0.99622,                0.99499,                0.81564,                0.75394,                0.37126,                 0.8771,             0.00069304,             0.00069304,             0.00069304
                     97,                0.79838,                0.44095,                0.87417,                 0.9957,                0.99934,                0.99496,                0.81954,                0.74943,                0.37119,                 0.8763,             0.00068864,             0.00068864,             0.00068864
                     98,                0.76364,                0.43665,                0.88473,                0.99639,                0.99662,                0.99494,                0.81382,                0.76276,                0.37112,                0.87997,             0.00068424,             0.00068424,             0.00068424
                     99,                  0.781,                0.43929,                0.88573,                0.99521,                0.99823,                0.99499,                0.81885,                0.75198,                0.35911,                0.87567,             0.00067984,             0.00067984,             0.00067984
                    100,                0.78696,                0.44292,                0.86634,                0.99589,                0.99829,                  0.995,                0.82679,                0.73975,                0.35557,                0.86919,             0.00067544,             0.00067544,             0.00067544
                    101,                0.74494,                 0.4062,                0.87703,                 0.9962,                0.99689,                0.99499,                0.82958,                0.71668,                0.34764,                0.86607,             0.00067104,             0.00067104,             0.00067104
                    102,                0.77082,                0.42488,                0.87943,                0.99345,                0.99648,                0.99482,                0.81553,                0.72661,                0.35824,                0.87037,             0.00066664,             0.00066664,             0.00066664
                    103,                0.76147,                0.41739,                0.86936,                 0.9952,                0.99658,                0.99484,                0.81763,                0.75874,                0.35917,                0.87787,             0.00066224,             0.00066224,             0.00066224
                    104,                0.74518,                0.40777,                0.86967,                0.99644,                0.99652,                0.99497,                0.83143,                0.72043,                0.35215,                0.86936,             0.00065785,             0.00065785,             0.00065785
                    105,                 0.7431,                0.39493,                 0.8728,                0.99682,                0.99776,                0.99499,                0.81825,                0.72748,                 0.3399,                0.87226,             0.00065345,             0.00065345,             0.00065345
                    106,                0.75116,                0.41422,                0.89398,                0.99674,                0.99744,                0.99499,                0.82711,                0.71546,                0.34276,                0.86541,             0.00064905,             0.00064905,             0.00064905
                    107,                0.73196,                0.39045,                0.86729,                  0.996,                0.99687,                0.99497,                0.83177,                0.70554,                0.33352,                0.86416,             0.00064465,             0.00064465,             0.00064465
                    108,                0.76613,                0.40519,                0.87956,                0.99653,                 0.9979,                  0.995,                0.83238,                0.70487,                0.33218,                0.86487,             0.00064025,             0.00064025,             0.00064025
                    109,                0.78615,                 0.4173,                0.88062,                0.99474,                0.99884,                0.99436,                0.83031,                0.70753,                0.34457,                0.86559,             0.00063585,             0.00063585,             0.00063585
                    110,                0.76961,                0.43618,                0.86015,                0.99513,                0.99863,                0.99492,                 0.8393,                0.70541,                0.34706,                0.86335,             0.00063145,             0.00063145,             0.00063145
                    111,                0.79363,                  0.417,                0.88112,                0.99507,                 0.9984,                  0.995,                0.83637,                0.70961,                0.33932,                0.86458,             0.00062705,             0.00062705,             0.00062705
                    112,                0.74538,                0.40228,                0.87208,                0.99611,                0.99634,                  0.995,                0.83301,                0.70959,                 0.3321,                0.86638,             0.00062265,             0.00062265,             0.00062265
                    113,                0.72304,                0.39647,                0.86161,                0.99632,                0.99881,                  0.995,                0.82398,                 0.7024,                0.33362,                0.86839,             0.00061825,             0.00061825,             0.00061825
                    114,                 0.7532,                0.40865,                0.88778,                 0.9967,                0.99811,                  0.995,                0.83121,                0.69204,                0.32588,                0.86285,             0.00061385,             0.00061385,             0.00061385
                    115,                0.71982,                0.39785,                0.86782,                0.99756,                0.99887,                  0.995,                0.82882,                0.69413,                0.33211,                0.86192,             0.00060945,             0.00060945,             0.00060945
                    116,                0.69446,                0.38903,                0.85691,                0.99613,                0.99887,                0.99491,                0.84549,                0.64312,                0.31835,                 0.8505,             0.00060505,             0.00060505,             0.00060505
                    117,                0.73058,                0.40501,                0.85482,                0.99524,                0.99887,                  0.995,                0.83886,                0.68998,                0.33908,                0.86162,             0.00060065,             0.00060065,             0.00060065
                    118,                0.73959,                0.41077,                0.88222,                0.99655,                0.99832,                0.99498,                0.85125,                0.65882,                 0.3209,                0.85271,             0.00059625,             0.00059625,             0.00059625
                    119,                0.73665,                0.40684,                0.85845,                0.99755,                0.99882,                  0.995,                0.84364,                0.70245,                0.32753,                0.86239,             0.00059185,             0.00059185,             0.00059185
                    120,                0.72765,                0.38716,                0.85318,                 0.9963,                      1,                  0.995,                0.84327,                0.70165,                0.33163,                0.86164,             0.00058745,             0.00058745,             0.00058745
                    121,                0.70927,                0.40219,                0.87447,                 0.9923,                 0.9986,                0.99493,                0.81701,                0.75355,                0.34871,                0.87628,             0.00058305,             0.00058305,             0.00058305
                    122,                0.73069,                0.40563,                0.87635,                0.99343,                0.99778,                0.99495,                0.84185,                0.64633,                0.32626,                0.84792,             0.00057865,             0.00057865,             0.00057865
                    123,                0.70216,                0.37915,                0.86168,                0.99628,                0.99853,                0.99497,                0.83456,                0.70172,                0.33506,                0.86251,             0.00057425,             0.00057425,             0.00057425
                    124,                0.70201,                0.38187,                0.85649,                0.99538,                0.99945,                0.99492,                0.84454,                0.64606,                0.31929,                0.84905,             0.00056985,             0.00056985,             0.00056985
                    125,                0.72256,                0.40918,                0.86598,                 0.9944,                0.99861,                0.99498,                0.84993,                0.67748,                0.32286,                0.85621,             0.00056545,             0.00056545,             0.00056545
                    126,                 0.7299,                0.39817,                0.85546,                0.99685,                0.99951,                  0.995,                0.84325,                0.67124,                0.32501,                0.85239,             0.00056105,             0.00056105,             0.00056105
                    127,                 0.7067,                0.38546,                0.85665,                0.99466,                0.99749,                  0.995,                0.85502,                0.64603,                0.32854,                 0.8484,             0.00055666,             0.00055666,             0.00055666
                    128,                0.70783,                0.37434,                0.87893,                0.99343,                0.99234,                0.99499,                0.85386,                 0.6403,                0.33099,                 0.8481,             0.00055226,             0.00055226,             0.00055226
                    129,                0.71622,                0.42737,                0.89528,                0.99763,                0.99753,                0.99499,                0.85612,                0.64409,                0.31829,                0.84938,             0.00054786,             0.00054786,             0.00054786
                    130,                0.68812,                0.38284,                0.86069,                0.99656,                0.99969,                0.99497,                0.85768,                0.63141,                0.31217,                 0.8453,             0.00054346,             0.00054346,             0.00054346
                    131,                0.69449,                0.38955,                0.86544,                0.99672,                0.99856,                0.99495,                0.84354,                0.66078,                0.32172,                0.85413,             0.00053906,             0.00053906,             0.00053906
                    132,                0.68129,                0.36939,                0.85514,                0.99656,                0.99798,                0.99495,                0.85579,                0.62572,                0.31028,                0.84255,             0.00053466,             0.00053466,             0.00053466
                    133,                0.69353,                0.37528,                0.85364,                0.99604,                0.99898,                0.99498,                0.84596,                0.66022,                0.32773,                0.85037,             0.00053026,             0.00053026,             0.00053026
                    134,                0.66268,                0.36995,                0.85503,                0.99696,                0.99824,                0.99499,                0.85491,                0.63488,                0.31375,                0.84465,             0.00052586,             0.00052586,             0.00052586
                    135,                 0.7001,                  0.391,                0.84208,                0.99825,                 0.9987,                  0.995,                0.85473,                0.63827,                0.30994,                0.84702,             0.00052146,             0.00052146,             0.00052146
                    136,                0.69783,                0.38754,                 0.8529,                0.99638,                0.99723,                  0.995,                0.85736,                0.62431,                0.30625,                0.84477,             0.00051706,             0.00051706,             0.00051706
                    137,                0.68906,                0.36907,                0.86521,                0.99674,                0.99968,                  0.995,                 0.8553,                0.63133,                0.30068,                0.84645,             0.00051266,             0.00051266,             0.00051266
                    138,                0.70328,                0.38058,                0.85763,                0.99546,                      1,                  0.995,                0.86901,                0.59439,                0.29553,                0.83784,             0.00050826,             0.00050826,             0.00050826
                    139,                0.69918,                0.39449,                0.87077,                0.99583,                      1,                  0.995,                0.86514,                 0.6104,                0.30277,                0.84295,             0.00050386,             0.00050386,             0.00050386
                    140,                0.69681,                 0.3838,                0.86876,                0.99609,                0.99887,                  0.995,                0.86278,                0.59764,                0.30598,                0.83833,             0.00049946,             0.00049946,             0.00049946
                    141,                 0.6727,                0.38757,                0.86527,                 0.9961,                 0.9974,                0.99499,                0.85874,                0.62531,                 0.3057,                0.84144,             0.00049506,             0.00049506,             0.00049506
                    142,                0.66978,                0.37385,                0.84987,                0.99651,                0.99834,                0.99495,                0.86848,                0.57898,                 0.2946,                0.83205,             0.00049066,             0.00049066,             0.00049066
                    143,                0.66205,                0.36369,                0.86072,                0.99682,                      1,                0.99498,                0.85994,                0.61954,                0.30309,                0.83943,             0.00048626,             0.00048626,             0.00048626
                    144,                0.64733,                0.37074,                0.85556,                0.99639,                0.99872,                0.99499,                0.86815,                0.60057,                0.30148,                 0.8333,             0.00048186,             0.00048186,             0.00048186
                    145,                0.66109,                0.36999,                0.85078,                0.99678,                0.99872,                  0.995,                0.84603,                0.65726,                0.30865,                 0.8486,             0.00047746,             0.00047746,             0.00047746
                    146,                0.66471,                0.36759,                0.82873,                0.99708,                0.99932,                  0.995,                0.86253,                0.59349,                0.29616,                0.83535,             0.00047306,             0.00047306,             0.00047306
                    147,                0.61325,                0.36694,                0.78412,                 0.9969,                      1,                  0.995,                0.86854,                0.58735,                0.29703,                0.83256,             0.00046866,             0.00046866,             0.00046866
                    148,                0.62721,                0.36277,                 0.8539,                0.99559,                      1,                  0.995,                0.86418,                0.61083,                0.29293,                0.83869,             0.00046426,             0.00046426,             0.00046426
                    149,                0.65815,                0.36233,                0.85028,                0.99741,                      1,                  0.995,                0.86108,                0.60517,                0.29085,                0.83718,             0.00045987,             0.00045987,             0.00045987
                    150,                0.65436,                 0.3525,                0.84054,                0.99725,                      1,                  0.995,                0.87161,                0.59084,                 0.2892,                0.83656,             0.00045547,             0.00045547,             0.00045547
                    151,                0.59591,                0.35943,                0.76804,                0.99783,                      1,                  0.995,                0.87592,                 0.5584,                0.28202,                0.82742,             0.00045107,             0.00045107,             0.00045107
                    152,                0.64625,                0.34797,                0.83739,                0.99867,                0.99966,                  0.995,                0.86123,                0.60853,                0.29711,                0.83582,             0.00044667,             0.00044667,             0.00044667
                    153,                0.64852,                0.36064,                0.85448,                0.99863,                0.99955,                  0.995,                0.87475,                0.58286,                0.29161,                0.83051,             0.00044227,             0.00044227,             0.00044227
                    154,                0.64245,                0.58401,                 0.8551,                0.99824,                 0.9992,                  0.995,                0.87118,                0.57661,                0.29538,                0.82797,             0.00043787,             0.00043787,             0.00043787
                    155,                0.66183,                0.36258,                0.84846,                0.99729,                0.99885,                0.99498,                0.87058,                0.56977,                0.29583,                0.83096,             0.00043347,             0.00043347,             0.00043347
                    156,                0.62713,                0.35387,                0.86064,                0.99672,                 0.9994,                0.99499,                0.88134,                0.55373,                0.28627,                0.82537,             0.00042907,             0.00042907,             0.00042907
                    157,                0.63952,                0.35423,                0.85283,                0.99604,                0.99982,                0.99499,                0.87637,                0.54688,                  0.282,                0.82409,             0.00042467,             0.00042467,             0.00042467
                    158,                0.62439,                0.37597,                0.84111,                0.99649,                0.99925,                  0.995,                0.87009,                0.57515,                0.28251,                0.83065,             0.00042027,             0.00042027,             0.00042027
                    159,                0.60156,                0.33547,                0.84359,                 0.9962,                0.99946,                  0.995,                0.87949,                0.53493,                0.28024,                0.82175,             0.00041587,             0.00041587,             0.00041587
                    160,                0.62914,                0.35538,                0.84654,                0.99684,                0.99964,                0.99499,                0.86866,                0.57254,                0.28651,                0.82848,             0.00041147,             0.00041147,             0.00041147
                    161,                 0.6333,                0.36353,                0.84323,                0.99765,                      1,                0.99497,                0.88028,                0.54528,                0.27724,                 0.8218,             0.00040707,             0.00040707,             0.00040707
                    162,                0.59241,                0.33924,                0.84309,                0.99732,                      1,                0.99495,                0.86986,                0.57659,                0.28523,                0.83028,             0.00040267,             0.00040267,             0.00040267
                    163,                0.59777,                0.33974,                0.83305,                0.99696,                      1,                0.99498,                0.88267,                0.53499,                0.27437,                0.82229,             0.00039827,             0.00039827,             0.00039827
                    164,                0.62091,                0.34401,                0.84383,                0.99714,                      1,                0.99497,                0.88047,                0.56903,                0.27899,                0.83109,             0.00039387,             0.00039387,             0.00039387
                    165,                0.58634,                0.34073,                0.82713,                0.99732,                0.99969,                  0.995,                0.87125,                0.55135,                0.28257,                0.82564,             0.00038947,             0.00038947,             0.00038947
                    166,                0.58413,                0.33641,                0.83044,                0.99727,                      1,                  0.995,                0.86788,                0.58754,                0.28654,                0.83304,             0.00038507,             0.00038507,             0.00038507
                    167,                0.60993,                0.33514,                0.83681,                0.99779,                0.99919,                  0.995,                0.88421,                0.52325,                0.27797,                0.81946,             0.00038067,             0.00038067,             0.00038067
                    168,                0.55117,                  0.344,                0.76796,                0.99739,                0.99938,                  0.995,                0.88527,                0.53805,                0.27621,                0.82195,             0.00037627,             0.00037627,             0.00037627
                    169,                0.60461,                0.33822,                0.83752,                0.99726,                      1,                  0.995,                0.88692,                0.52735,                 0.2689,                0.81861,             0.00037187,             0.00037187,             0.00037187
                    170,                0.59891,                0.33933,                0.83996,                0.99718,                      1,                  0.995,                0.88367,                0.55817,                0.28114,                0.82416,             0.00036747,             0.00036747,             0.00036747
                    171,                0.58949,                0.32956,                0.84091,                0.99779,                0.99977,                  0.995,                0.88499,                 0.5363,                0.27677,                0.81908,             0.00036307,             0.00036307,             0.00036307
                    172,                0.58781,                0.34427,                0.82952,                0.99701,                      1,                  0.995,                0.88063,                0.56248,                0.28451,                0.82736,             0.00035868,             0.00035868,             0.00035868
                    173,                0.58303,                0.32958,                0.83498,                0.99789,                0.99886,                  0.995,                0.88536,                0.52992,                0.27602,                0.81944,             0.00035428,             0.00035428,             0.00035428
                    174,                0.59502,                0.33091,                0.84016,                0.99742,                0.99899,                  0.995,                0.87827,                 0.5572,                0.28139,                0.82423,             0.00034988,             0.00034988,             0.00034988
                    175,                0.59445,                0.33668,                0.83633,                0.99732,                0.99898,                  0.995,                0.88268,                0.53727,                0.27574,                0.82125,             0.00034548,             0.00034548,             0.00034548
                    176,                0.58723,                0.33218,                0.84152,                0.99722,                      1,                  0.995,                 0.8787,                0.54963,                0.27532,                0.82304,             0.00034108,             0.00034108,             0.00034108
                    177,                0.59206,                0.35314,                0.83292,                0.99774,                0.99963,                0.99499,                0.88336,                 0.5383,                0.27262,                0.82135,             0.00033668,             0.00033668,             0.00033668
                    178,                0.60915,                0.33848,                0.84823,                0.99757,                0.99988,                0.99499,                0.89582,                0.50008,                0.26723,                0.81359,             0.00033228,             0.00033228,             0.00033228
                    179,                0.59714,                0.34063,                0.83773,                0.99727,                      1,                0.99499,                0.89974,                0.50042,                0.27144,                0.81467,             0.00032788,             0.00032788,             0.00032788
                    180,                0.59635,                0.36486,                0.83231,                0.99742,                0.99977,                0.99499,                0.89452,                0.52326,                0.26705,                0.81882,             0.00032348,             0.00032348,             0.00032348
                    181,                0.57105,                0.33219,                0.82795,                0.99737,                0.99968,                0.99495,                0.89479,                0.51451,                0.26627,                0.81581,             0.00031908,             0.00031908,             0.00031908
                    182,                0.61662,                0.34012,                0.83802,                0.99757,                0.99968,                0.99492,                0.89446,                0.52603,                0.26621,                0.81779,             0.00031468,             0.00031468,             0.00031468
                    183,                0.55324,                0.31414,                   0.83,                0.99775,                0.99961,                0.99493,                0.89828,                0.50459,                0.25944,                 0.8134,             0.00031028,             0.00031028,             0.00031028
                    184,                0.57321,                0.32776,                0.84044,                0.99886,                0.99957,                  0.995,                 0.8926,                0.51076,                0.26373,                0.81549,             0.00030588,             0.00030588,             0.00030588
                    185,                0.55852,                0.32811,                0.83116,                0.99819,                0.99887,                  0.995,                0.89109,                0.51065,                0.26201,                0.81592,             0.00030148,             0.00030148,             0.00030148
                    186,                0.56095,                0.32589,                0.84239,                0.99848,                0.99887,                  0.995,                0.88694,                0.53237,                0.26585,                 0.8187,             0.00029708,             0.00029708,             0.00029708
                    187,                0.55988,                0.32131,                0.81655,                0.99845,                0.99887,                  0.995,                0.88573,                0.52459,                 0.2657,                0.81729,             0.00029268,             0.00029268,             0.00029268
                    188,                0.54171,                0.30901,                0.82297,                0.99903,                0.99974,                  0.995,                0.89591,                0.49314,                 0.2583,                 0.8128,             0.00028828,             0.00028828,             0.00028828
                    189,                0.59435,                0.35638,                0.84115,                 0.9989,                      1,                  0.995,                0.89366,                0.50151,                0.26258,                 0.8157,             0.00028388,             0.00028388,             0.00028388
                    190,                 0.5486,                0.32067,                0.82811,                0.99886,                      1,                  0.995,                 0.9015,                0.48665,                0.26094,                 0.8114,             0.00027948,             0.00027948,             0.00027948
                    191,                 0.5712,                0.31875,                0.83476,                 0.9989,                0.99984,                  0.995,                0.89669,                0.50379,                0.25837,                  0.816,             0.00027508,             0.00027508,             0.00027508
                    192,                0.56067,                0.33527,                  0.828,                0.99738,                      1,                  0.995,                0.89375,                0.50639,                0.25714,                0.81652,             0.00027068,             0.00027068,             0.00027068
                    193,                 0.5556,                0.32017,                0.82503,                0.99862,                0.99974,                  0.995,                 0.8935,                 0.5062,                0.25959,                0.81459,             0.00026628,             0.00026628,             0.00026628
                    194,                0.50538,                0.31999,                0.82074,                0.99771,                0.99979,                0.99498,                0.89703,                0.48803,                  0.251,                0.81141,             0.00026188,             0.00026188,             0.00026188
                    195,                0.55404,                0.32138,                0.83933,                0.99898,                      1,                  0.995,                0.90729,                0.45156,                0.24817,                0.80401,             0.00025749,             0.00025749,             0.00025749
                    196,                0.54765,                0.31883,                0.81667,                  0.999,                      1,                  0.995,                0.89398,                0.49408,                0.25841,                0.81035,             0.00025309,             0.00025309,             0.00025309
                    197,                0.53257,                0.31207,                0.82979,                0.99893,                      1,                  0.995,                0.90479,                0.46007,                0.25047,                0.80398,             0.00024869,             0.00024869,             0.00024869
                    198,                0.53139,                0.30682,                0.81633,                0.99877,                      1,                  0.995,                 0.9028,                0.47472,                0.25315,                0.80657,             0.00024429,             0.00024429,             0.00024429
                    199,                0.51318,                0.29876,                0.81992,                 0.9987,                      1,                  0.995,                0.89362,                0.50623,                0.25506,                0.81273,             0.00023989,             0.00023989,             0.00023989
                    200,                 0.5382,                0.31038,                0.82007,                0.99839,                      1,                  0.995,                0.90813,                0.45058,                 0.2448,                0.80183,             0.00023549,             0.00023549,             0.00023549
                    201,                0.53318,                0.32326,                0.83641,                0.99862,                      1,                  0.995,                0.90243,                0.48097,                0.25082,                 0.8067,             0.00023109,             0.00023109,             0.00023109
                    202,                0.56206,                0.34656,                0.83182,                0.99794,                      1,                  0.995,                0.91868,                0.43131,                0.24436,                0.79857,             0.00022669,             0.00022669,             0.00022669
                    203,                0.53487,                0.31663,                0.82746,                0.99815,                      1,                  0.995,                0.92274,                0.41629,                0.24071,                0.79581,             0.00022229,             0.00022229,             0.00022229
                    204,                0.51348,                0.29887,                0.82748,                0.99856,                      1,                  0.995,                0.90849,                0.45531,                0.24218,                0.80329,             0.00021789,             0.00021789,             0.00021789
                    205,                0.53873,                0.30393,                0.83154,                0.99896,                      1,                  0.995,                0.91466,                0.44118,                  0.243,                0.80071,             0.00021349,             0.00021349,             0.00021349
                    206,                0.52491,                0.30906,                0.83707,                0.99908,                      1,                  0.995,                0.90549,                 0.4844,                0.25322,                0.80826,             0.00020909,             0.00020909,             0.00020909
                    207,                0.51985,                0.30547,                0.83273,                0.99886,                      1,                  0.995,                0.91409,                0.45091,                0.24806,                 0.8019,             0.00020469,             0.00020469,             0.00020469
                    208,                 0.5409,                0.31096,                0.83883,                0.99855,                      1,                  0.995,                0.91634,                0.45293,                0.24637,                0.80092,             0.00020029,             0.00020029,             0.00020029
                    209,                0.52011,                0.30489,                0.82406,                 0.9983,                      1,                  0.995,                 0.9036,                0.46395,                0.24537,                0.80301,             0.00019589,             0.00019589,             0.00019589
                    210,                0.54011,                0.31505,                0.82073,                0.99773,                      1,                  0.995,                0.91077,                0.43506,                0.24013,                0.79753,             0.00019149,             0.00019149,             0.00019149
                    211,                0.50245,                0.29911,                0.82235,                0.99855,                      1,                  0.995,                  0.907,                0.45576,                0.24401,                0.80144,             0.00018709,             0.00018709,             0.00018709
                    212,                0.50884,                0.30203,                0.82884,                0.99871,                      1,                  0.995,                0.90809,                0.45304,                0.24242,                 0.8019,             0.00018269,             0.00018269,             0.00018269
                    213,                0.51156,                 0.2971,                 0.8246,                0.99898,                      1,                  0.995,                0.91826,                0.43959,                0.23997,                0.79917,             0.00017829,             0.00017829,             0.00017829
                    214,                0.54046,                0.34297,                0.83327,                0.99885,                      1,                  0.995,                 0.9055,                0.47624,                0.24733,                0.80652,             0.00017389,             0.00017389,             0.00017389
                    215,                0.49588,                0.29655,                0.81165,                0.99888,                0.99992,                  0.995,                0.90227,                0.47107,                0.24772,                0.80538,             0.00016949,             0.00016949,             0.00016949
                    216,                0.52607,                0.31231,                0.82581,                0.99895,                      1,                  0.995,                0.91288,                0.43131,                0.23681,                0.79836,             0.00016509,             0.00016509,             0.00016509
                    217,                 0.4711,                 0.3063,                0.76256,                0.99889,                      1,                  0.995,                0.90973,                0.46274,                0.24029,                 0.8046,              0.0001607,              0.0001607,              0.0001607
                    218,                0.50254,                0.30669,                0.81065,                0.99892,                0.99988,                  0.995,                0.91493,                0.43677,                0.23467,                0.80014,              0.0001563,              0.0001563,              0.0001563
                    219,                0.48535,                0.28491,                0.81839,                0.99885,                      1,                  0.995,                0.91622,                0.42036,                0.23336,                0.79716,              0.0001519,              0.0001519,              0.0001519
                    220,                0.50493,                0.29464,                 0.8261,                0.99886,                      1,                  0.995,                0.91012,                0.45814,                0.24173,                0.80321,              0.0001475,              0.0001475,              0.0001475
                    221,                0.51792,                0.30949,                0.83602,                0.99902,                      1,                  0.995,                0.91755,                0.42341,                0.23308,                0.79746,              0.0001431,              0.0001431,              0.0001431
                    222,                 0.5047,                0.33552,                0.81858,                0.99902,                      1,                  0.995,                0.91797,                0.41947,                0.22993,                0.79659,              0.0001387,              0.0001387,              0.0001387
                    223,                0.49872,                0.29441,                0.81186,                0.99896,                      1,                  0.995,                0.91199,                0.45193,                0.23816,                0.80243,              0.0001343,              0.0001343,              0.0001343
                    224,                0.50055,                0.30391,                 0.8207,                0.99917,                      1,                  0.995,                0.92233,                 0.4196,                0.23524,                0.79685,              0.0001299,              0.0001299,              0.0001299
                    225,                0.48776,                0.29421,                0.81866,                0.99913,                      1,                  0.995,                 0.9209,                0.42094,                0.23585,                0.79702,              0.0001255,              0.0001255,              0.0001255
                    226,                0.48537,                0.30238,                0.83982,                0.99893,                      1,                  0.995,                0.91357,                0.43075,                0.23491,                0.79893,              0.0001211,              0.0001211,              0.0001211
                    227,                0.50998,                0.30181,                0.82803,                0.99887,                      1,                  0.995,                0.91783,                0.41164,                0.23218,                 0.7957,              0.0001167,              0.0001167,              0.0001167
                    228,                0.48319,                0.28686,                0.81966,                0.99886,                0.99998,                  0.995,                0.92299,                0.40057,                0.22792,                0.79419,              0.0001123,              0.0001123,              0.0001123
                    229,                0.49586,                 0.2925,                0.81192,                0.99869,                      1,                  0.995,                0.91987,                0.42421,                 0.2331,                0.79775,              0.0001079,              0.0001079,              0.0001079
                    230,                0.54244,                0.30628,                0.82828,                 0.9986,                      1,                  0.995,                0.92242,                0.41835,                0.23059,                0.79596,              0.0001035,              0.0001035,              0.0001035
                    231,                0.53126,                0.30179,                0.82699,                0.99849,                      1,                  0.995,                0.93263,                 0.3981,                0.22646,                0.79254,             9.9101e-05,             9.9101e-05,             9.9101e-05
                    232,                0.50323,                0.29645,                 0.8081,                 0.9984,                      1,                  0.995,                0.92085,                0.42152,                0.22846,                0.79634,             9.4702e-05,             9.4702e-05,             9.4702e-05
                    233,                0.49615,                0.29274,                0.81999,                0.99846,                      1,                  0.995,                0.92291,                0.41945,                0.23005,                0.79602,             9.0302e-05,             9.0302e-05,             9.0302e-05
                    234,                0.46584,                0.28351,                0.81517,                 0.9987,                      1,                  0.995,                0.92859,                0.39396,                0.22449,                  0.792,             8.5903e-05,             8.5903e-05,             8.5903e-05
                    235,                0.46657,                0.28138,                0.80634,                 0.9989,                      1,                  0.995,                0.93094,                0.39367,                0.22406,                0.79194,             8.1503e-05,             8.1503e-05,             8.1503e-05
                    236,                0.47408,                0.29547,                0.82181,                0.99892,                      1,                  0.995,                0.92526,                0.40552,                0.22586,                0.79343,             7.7103e-05,             7.7103e-05,             7.7103e-05
                    237,                0.48734,                0.29426,                0.82566,                0.99897,                      1,                  0.995,                  0.929,                0.39768,                0.22373,                0.79266,             7.2704e-05,             7.2704e-05,             7.2704e-05
                    238,                 0.4346,                0.27131,                0.81969,                0.99898,                      1,                  0.995,                0.93225,                0.38901,                0.22326,                0.79089,             6.8304e-05,             6.8304e-05,             6.8304e-05
                    239,                0.49656,                0.29392,                0.82872,                0.99899,                      1,                  0.995,                0.93537,                0.37999,                0.21944,                 0.7893,             6.3905e-05,             6.3905e-05,             6.3905e-05
                    240,                 0.4967,                0.29581,                0.83505,                0.99891,                      1,                  0.995,                0.93327,                0.38317,                0.22081,                0.78936,             5.9505e-05,             5.9505e-05,             5.9505e-05
                    241,                0.47389,                0.27377,                0.81493,                0.99879,                      1,                  0.995,                0.93945,                0.36335,                0.21744,                 0.7861,             5.5106e-05,             5.5106e-05,             5.5106e-05
                    242,                0.47376,                0.28124,                0.82121,                0.99861,                      1,                  0.995,                   0.94,                0.34621,                 0.2168,                0.78354,             5.0706e-05,             5.0706e-05,             5.0706e-05
                    243,                 0.4329,                0.26976,                  0.807,                0.99859,                      1,                  0.995,                 0.9318,                0.35689,                0.21953,                0.78485,             4.6306e-05,             4.6306e-05,             4.6306e-05
                    244,                0.47718,                0.28629,                0.80205,                0.99866,                      1,                  0.995,                0.93202,                0.36231,                0.22102,                 0.7849,             4.1907e-05,             4.1907e-05,             4.1907e-05
                    245,                0.44231,                0.26738,                0.80924,                0.99873,                      1,                  0.995,                0.93023,                0.35766,                0.21897,                 0.7841,             3.7507e-05,             3.7507e-05,             3.7507e-05
                    246,                0.42114,                0.26012,                0.80055,                0.99881,                      1,                  0.995,                0.93337,                 0.3523,                0.21806,                0.78363,             3.3108e-05,             3.3108e-05,             3.3108e-05
                    247,                0.52604,                0.30551,                 0.8166,                 0.9988,                      1,                  0.995,                0.93165,                0.35216,                0.21964,                0.78393,             2.8708e-05,             2.8708e-05,             2.8708e-05
                    248,                0.44766,                0.28121,                0.80391,                0.99878,                      1,                  0.995,                0.93157,                0.35153,                0.21996,                0.78383,             2.4309e-05,             2.4309e-05,             2.4309e-05
                    249,                0.43143,                0.27758,                0.80125,                0.99878,                      1,                  0.995,                0.93184,                0.35051,                0.21905,                0.78397,             1.9909e-05,             1.9909e-05,             1.9909e-05
                    250,                0.42411,                0.26504,                0.81381,                0.99883,                      1,                  0.995,                0.93317,                 0.3489,                0.21717,                0.78392,              1.551e-05,              1.551e-05,              1.551e-05
